{"loss": [1.663299560546875, 0.8788134455680847, 0.5947586894035339, 0.5274382829666138, 0.5488284826278687, 0.42740046977996826, 0.5728163123130798, 0.43602854013442993, 0.2871967554092407, 0.2537716031074524], "accuracy": [0.32006368041038513, 0.6640127301216125, 0.7659235596656799, 0.7754777073860168, 0.7993630766868591, 0.8359872698783875, 0.7834395170211792, 0.8343949317932129, 0.8949044346809387, 0.9156050682067871], "val_loss": [1.418421983718872, 0.9895565509796143, 0.5852996706962585, 0.795741617679596, 0.5364107489585876, 0.6703996658325195, 0.6441081166267395, 0.3973314166069031, 0.33273985981941223, 0.6780411005020142], "val_accuracy": [0.3893442749977112, 0.5286885499954224, 0.75, 0.7377049326896667, 0.8073770403862, 0.7581967115402222, 0.7786885499954224, 0.8360655903816223, 0.8606557250022888, 0.7991803288459778]}